<Template id="1"><Parameters><Parameter name="criterion" quality="importance" value="med"><Entity>Availability of staff</Entity><Entity>Quality of life</Entity><Entity>Public sector</Entity></Parameter><Parameter name="criterion" quality="importance" value="high"><Entity>Accessibility from US</Entity><Entity>Private sector</Entity></Parameter><Parameter name="criterion" quality="importance" value="low"><Entity>Ease of set up and operations</Entity></Parameter></Parameters><OutcomeRanges><ImportantCriterion>Accessibility from US</ImportantCriterion><LessImportantCriterion>Ease of set up and operations</LessImportantCriterion><BestOutcomeImportantCriteriaRange>15</BestOutcomeImportantCriteriaRange><WorstOutcomeImportantCriteriaRange>2</WorstOutcomeImportantCriteriaRange><BestOutcomeLessImportantCriteriaRange /><WorstOutcomeLessImportantCriteriaRange>30</WorstOutcomeLessImportantCriteriaRange></OutcomeRanges></Template>