<?xml version="1.0" encoding="UTF-8"?>
 <Template id="1">
   <Parameters>
     <Parameter name="criterion" quality="importance" value="high">
 	<Entity>Accessibility from US</Entity>
     </Parameter>
     <Parameter name="criterion"  quality="importance" value="high">
 	<Entity>Private sector</Entity>
     </Parameter>
     <Parameter name="criterion"  quality="importance" value="high">
 	<Entity>Other sector</Entity>
     </Parameter>
     <Parameter name="criterion"  quality="importance" value="medium">
 	<Entity>Quality of life</Entity>
     </Parameter>
     <Parameter name="criterion"  quality="importance" value="medium">
       <Entity>Public Sector</Entity>
     </Parameter>
     <Parameter name="criterion"  quality="importance" value="medium">
       <Entity>Availability of staff</Entity>
     </Parameter> 
     <Parameter name="criterion"  quality="importance" value="low">
 	<Entity>Ease of set up</Entity>
     </Parameter> 
   </Parameters>
   <OutcomeRanges>
     <ImportantCriterion>Private sector</ImportantCriterion>
     <WorstOutcomeImportantCriteriaRange>42</WorstOutcomeImportantCriteriaRange>
     <BestOutcomeImportantCriteriaRange>96</BestOutcomeImportantCriteriaRange>
     <LessImportantCriterion>Ease of set up and operations</LessImportantCriterion>
     <WorstOutcomeLessImportantCriteriaRange>30</WorstOutcomeLessImportantCriteriaRange>
     <BestOutcomeLessImportantCriteriaRange>90</BestOutcomeLessImportantCriteriaRange>
   </OutcomeRanges>
 </Template>
 
