<Template id="1"><Parameters><Parameter name="criterion" quality="importance" value="med"><Entity>Availability of staff</Entity><Entity>Quality of life</Entity><Entity>Public sector</Entity></Parameter><Parameter name="criterion" quality="importance" value="high"><Entity>Accessibility from US</Entity><Entity>Private sector</Entity></Parameter><Parameter name="criterion" quality="importance" value="low"><Entity>Ease of set up and operations</Entity></Parameter></Parameters><OutcomeRanges><ImportantCriterion>Private sector</ImportantCriterion><LessImportantCriterion>Ease of set up and operations</LessImportantCriterion><BestOutcomeImportantCriteriaRange>96</BestOutcomeImportantCriteriaRange><WorstOutcomeImportantCriteriaRange>42</WorstOutcomeImportantCriteriaRange><BestOutcomeLessImportantCriteriaRange>90</BestOutcomeLessImportantCriteriaRange><WorstOutcomeLessImportantCriteriaRange>30</WorstOutcomeLessImportantCriteriaRange></OutcomeRanges></Template>