<?xml version="1.0" encoding="UTF-8"?>
<!-- the values are case sensitive --> 
<Questions>
 <Question>
 	<Predicate>probability</Predicate>
        <Subject state="present">Tuberculosis</Subject>
 </Question>
 <Question>
 	<Predicate>probability</Predicate>
        <Subject  state="present">Tuberculosis</Subject>
 	<Object state="abnormal">XRay</Object>
 </Question>
 <Question>
 	<Predicate>probability</Predicate>
        <Subject   state="present">Tuberculosis</Subject>
 	<Object state="abnormal">XRay</Object>
 	<Object state="visit">VisitAsia</Object>
 </Question>
 <Question>
 	<Predicate>probability</Predicate>
        <Subject   state="present">Tuberculosis</Subject>
 	<Object state="abnormal">XRay</Object>
 	<Object state="visit">VisitAsia</Object>
 	<Object state="present">Cancer</Object>
 </Question>
 </Questions>